Comment,Designator,Footprint,LCSC
"10uF","C1,C2","Capacitor_SMD:C_0603_1608Metric","C19702"
"47uF","C3,C4","Capacitor_SMD:C_1210_3225Metric","C77101"
"LED","D2,D3,D6","Diode_SMD:D_0603_1608Metric","C2286"
"SS14","D4,D5,D7,D8","Diode_SMD:D_SMA","C2480"
"TP4056","IC1","Chimere_comps:SOP-8","C16581"
"33uH","L1","Inductor_SMD:L_10.4x10.4_H4.8","C9936"
"2k2","R15","Resistor_SMD:R_0603_1608Metric","C4190"
"1k","R6,R8","Resistor_SMD:R_0603_1608Metric","C21190"
"10k","R7","Resistor_SMD:R_0603_1608Metric","C22765"
"2","R9,R10,R12,R14","Resistor_SMD:R_0603_1608Metric","C22977"
"ME2108A50M3","U1","Package_TO_SOT_SMD:SOT-23_Handsoldering","C14839"